RegNo,StudentName,CourseCode,AttendedClasses,TotalClasses,AttendancePercentage,DebarredStatus
26BCE1001,Aarav Sharma,CSE1001,28,30,93.33%,ELIGIBLE
26BCE1001,Aarav Sharma,MAT1001,27,30,90.0%,ELIGIBLE
26BCE1001,Aarav Sharma,PHY1001,22,24,91.67%,ELIGIBLE
26BCE1002,Diya Patel,CSE1001,24,30,80.0%,ELIGIBLE
26BCE1002,Diya Patel,MAT1001,23,30,76.67%,ELIGIBLE
26BCE1003,Rohan Verma,CSE1001,20,30,66.67%,DEBARRED (<75%)
26BCE1003,Rohan Verma,PHY1001,20,24,83.33%,ELIGIBLE
26BCE1004,Sneha Iyer,CSE1001,29,30,96.67%,ELIGIBLE
26BCE1004,Sneha Iyer,MAT1001,28,30,93.33%,ELIGIBLE
26BCE1004,Sneha Iyer,PHY1001,23,24,95.83%,ELIGIBLE
26BCE1004,Sneha Iyer,ENG1001,18,20,90.0%,ELIGIBLE
26BCE1005,Vikram Nair,MAT1001,22,30,73.33%,DEBARRED (<75%)
26BCE1005,Vikram Nair,ENG1001,16,20,80.0%,ELIGIBLE
26BCE1099,Karan Malhotra,CSE1001,26,30,86.67%,ELIGIBLE
26BCE1099,Karan Malhotra,MAT1001,21,30,70.0%,DEBARRED (<75%)
